use ca1;

INSERT INTO ADDRESS (ID, ADDITIONALINFO, STREET, CITY_ZIP) VALUES (1, '304 st. th', 'Vestervang', 6091);
INSERT INTO ADDRESS (ID, ADDITIONALINFO, STREET, CITY_ZIP) VALUES (2, '21', 'Østerløkke', 6000);
INSERT INTO ADDRESS (ID, ADDITIONALINFO, STREET, CITY_ZIP) VALUES (3, '52', 'Main street', 2800);
INSERT INTO ADDRESS (ID, ADDITIONALINFO, STREET, CITY_ZIP) VALUES (4, '72 st', 'Nordvej', 2400);

INSERT INTO PHONE (ID, DESCRIPTION, NUMBER) VALUES (1, 'Random number', '25347514');
INSERT INTO PHONE (ID, DESCRIPTION, NUMBER) VALUES (2, 'Random number', '25512514');
INSERT INTO PHONE (ID, DESCRIPTION, NUMBER) VALUES (3, 'Random number', '26132514');
INSERT INTO PHONE (ID, DESCRIPTION, NUMBER) VALUES (4, 'Random number', '25344531');

INSERT INTO INFOENTITY (ID, DTYPE, EMAIL, ADDRESS_ID) VALUES (1, 'COMPANY', 'Email@mail.com', 1);
INSERT INTO INFOENTITY (ID, DTYPE, EMAIL, ADDRESS_ID) VALUES (2, 'COMPANY', 'Email@mail.com', 2);
INSERT INTO INFOENTITY (ID, DTYPE, EMAIL, ADDRESS_ID) VALUES (3, 'COMPANY', 'Email@mail.com', 3);
INSERT INTO INFOENTITY (ID, DTYPE, EMAIL, ADDRESS_ID) VALUES (4, 'COMPANY', 'Email@mail.com', 4);
INSERT INTO INFOENTITY (ID, DTYPE, EMAIL, ADDRESS_ID) VALUES (5, 'PERSON', 'Email@mail.com', 1);
INSERT INTO INFOENTITY (ID, DTYPE, EMAIL, ADDRESS_ID) VALUES (6, 'PERSON', 'Email@mail.com', 2);
INSERT INTO INFOENTITY (ID, DTYPE, EMAIL, ADDRESS_ID) VALUES (7, 'PERSON', 'Email@mail.com', 3);
INSERT INTO INFOENTITY (ID, DTYPE, EMAIL, ADDRESS_ID) VALUES (8, 'PERSON', 'Email@mail.com', 4);

INSERT INTO COMPANY (ID, CVR, DESCRIPTION, MARKETVALUE, NAME, NUMEMPLOYEES) VALUES (1, 123456, 'Nyt firma', 9000, 'Mærsk', 25000);
INSERT INTO COMPANY (ID, CVR, DESCRIPTION, MARKETVALUE, NAME, NUMEMPLOYEES) VALUES (2, 123426, 'Nyt firma', 8000, 'Novo', 1000);
INSERT INTO COMPANY (ID, CVR, DESCRIPTION, MARKETVALUE, NAME, NUMEMPLOYEES) VALUES (3, 523456, 'Nyt firma', 5000, 'Vestas', 40);
INSERT INTO COMPANY (ID, CVR, DESCRIPTION, MARKETVALUE, NAME, NUMEMPLOYEES) VALUES (4, 823456, 'Nyt firma', 4000, 'Lenovo', 20);

insert into HOBBY (ID, DESCRIPTION, NAME) VALUES (1, 'Fritidsinteresse', 'Fodbold');
insert into HOBBY (ID, DESCRIPTION, NAME) VALUES (2, 'Fritidsinteresse', 'Håndbold');
insert into HOBBY (ID, DESCRIPTION, NAME) VALUES (3, 'Fritidsinteresse', 'Skydning');
insert into HOBBY (ID, DESCRIPTION, NAME) VALUES (4, 'Fritidsinteresse', 'Løb');

INSERT INTO PERSON (ID, FIRSTNAME, LASTNAME) VALUES (5, 'Kasper', 'Ravn');
INSERT INTO PERSON (ID, FIRSTNAME, LASTNAME) VALUES (6, 'Kristian', 'Krog');
INSERT INTO PERSON (ID, FIRSTNAME, LASTNAME) VALUES (7, 'Test', 'Person');
INSERT INTO PERSON (ID, FIRSTNAME, LASTNAME) VALUES (8, 'Fugl', 'Kat');

INSERT INTO PERSON_HOBBY (hobbies_ID, persons_ID) VALUES (1, 5);
INSERT INTO PERSON_HOBBY (hobbies_ID, persons_ID) VALUES (2, 6);
INSERT INTO PERSON_HOBBY (hobbies_ID, persons_ID) VALUES (3, 7);
INSERT INTO PERSON_HOBBY (hobbies_ID, persons_ID) VALUES (4, 8);


INSERT INTO INFOENTITY_PHONE (InfoEntity_ID, phone_ID) VALUES (1, 4);
INSERT INTO INFOENTITY_PHONE (InfoEntity_ID, phone_ID) VALUES (2, 3);
INSERT INTO INFOENTITY_PHONE (InfoEntity_ID, phone_ID) VALUES (3, 2);
INSERT INTO INFOENTITY_PHONE (InfoEntity_ID, phone_ID) VALUES (4, 1);
INSERT INTO INFOENTITY_PHONE (InfoEntity_ID, phone_ID) VALUES (5, 2);
INSERT INTO INFOENTITY_PHONE (InfoEntity_ID, phone_ID) VALUES (6, 3);
INSERT INTO INFOENTITY_PHONE (InfoEntity_ID, phone_ID) VALUES (7, 4);
INSERT INTO INFOENTITY_PHONE (InfoEntity_ID, phone_ID) VALUES (8, 1);


